Time,TemperatureC,DewpointC,PressurehPa,WindDirection,WindDirectionDegrees,WindSpeedKMH,WindSpeedGustKMH,Humidity,HourlyPrecipMM,Conditions,Clouds,dailyrainMM,SoftwareType,DateUTC
                
2019-04-15 00:00:00,0.967320261438,-1.1339869281,1016.42529814,  ,  ,0.0,0.0,86.0,0.0,  ,  ,0.0,  ,  
2019-04-15 00:05:00,0.740740740741,-1.17592592593,1016.43741734,  ,  ,0.0,0.0,87.1111111111,0.0,  ,  ,0.0,  ,  
2019-04-15 00:10:00,0.768518518519,-1.01851851852,1016.49308796,  ,  ,0.0,0.0,88.0,0.0,  ,  ,0.0,  ,  
2019-04-15 00:15:00,0.656862745098,-1.16666666667,1016.50046682,  ,  ,0.0,0.0,88.0,0.0,  ,  ,0.0,  ,  
2019-04-15 00:20:00,0.407407407407,-1.37037037037,1016.46859541,  ,  ,0.0,0.0,88.0,0.0,  ,  ,0.0,  ,  
2019-04-15 00:25:00,0.388888888889,-1.27124183007,1016.45063149,  ,  ,0.0,0.0,88.7058823529,0.0,  ,  ,0.0,  ,  
2019-04-15 00:30:00,0.358024691358,-1.23765432099,1016.37089221,  ,  ,0.0,0.0,89.0,0.0,  ,  ,0.0,  ,  
2019-04-15 00:35:00,0.277777777778,-1.24074074074,1016.43439789,  ,  ,0.0,0.0,89.2222222222,0.0,  ,  ,0.0,  ,  
2019-04-15 00:40:00,0.539215686275,-0.915032679739,1016.44428534,  ,  ,0.0,0.0,90.0,0.0,  ,  ,0.0,  ,  
2019-04-15 00:45:00,0.462962962963,-0.938271604938,1016.44826044,  ,  ,0.0,0.0,90.0,0.0,  ,  ,0.0,  ,  
2019-04-15 00:50:00,0.358024691358,-1.03086419753,1016.39563142,  ,  ,0.0,0.0,90.0,0.0,  ,  ,0.0,  ,  
2019-04-15 00:55:00,0.277777777778,-1.11111111111,1016.43459304,  ,  ,0.0,0.0,90.0,0.0,  ,  ,0.0,  ,  
2019-04-15 01:00:00,0.277777777778,-1.11111111111,1016.24642713,  ,  ,0.0,0.0,90.0,0.0,  ,  ,0.0,  ,  
2019-04-15 01:05:00,0.277777777778,-1.11111111111,1016.30287691,  ,  ,0.0,0.0,90.0,0.0,  ,  ,0.0,  ,  
2019-04-15 01:10:00,0.28431372549,-1.09803921569,1016.09687137,  ,  ,0.0,0.0,90.0588235294,0.0,  ,  ,0.0,  ,  
2019-04-15 01:15:00,0.388888888889,-0.913580246914,1016.03718171,  ,  ,0.0,0.0,90.7777777778,0.0,  ,  ,0.0,  ,  
2019-04-15 01:20:00,0.320987654321,-0.956790123457,1015.9707892,  ,  ,0.011176,0.5006848,91.0,0.0,  ,  ,0.0,  ,  
2019-04-15 01:25:00,0.539215686275,-0.761437908497,1015.94717056,  ,  ,0.0176186352941,0.5006848,91.0,0.0,  ,  ,0.0,  ,  
2019-04-15 01:30:00,0.62962962963,-0.703703703704,1015.89518627,  ,  ,0.0275674666667,0.5006848,91.0,0.0,  ,  ,0.0,  ,  
2019-04-15 01:35:00,0.722222222222,-0.712962962963,1015.74113896,  ,  ,0.0,0.0,90.3888888889,0.0,  ,  ,0.0,  ,  
2019-04-15 01:40:00,0.722222222222,-0.709150326797,1015.82083741,  ,  ,0.0,0.0,90.4117647059,0.0,  ,  ,0.0,  ,  
2019-04-15 01:45:00,0.814814814815,-0.558641975309,1015.70178755,  ,  ,0.0221036444444,0.5006848,90.6111111111,0.0,  ,  ,0.0,  ,  
2019-04-15 01:50:00,1.16339869281,-0.326797385621,1015.54623712,  ,  ,0.135426823529,1.0013696,90.0,0.0,  ,  ,0.0,  ,  
2019-04-15 01:55:00,1.50617283951,-0.12962962963,1015.59471011,  ,  ,0.166149866667,1.0013696,88.9444444444,0.0,  ,  ,0.0,  ,  
2019-04-15 02:00:00,1.67283950617,-0.16049382716,1015.59635406,  ,  ,0.0553832888889,1.0013696,88.0,0.0,  ,  ,0.0,  ,  
2019-04-15 02:05:00,1.76470588235,-0.0392156862745,1015.46462645,  ,  ,0.0759968,0.5006848,87.8823529412,0.0,  ,  ,0.0,  ,  
2019-04-15 02:10:00,1.75308641975,-0.104938271605,1015.40516839,  ,  ,0.0,0.0,87.5,0.0,  ,  ,0.0,  ,  
2019-04-15 02:15:00,1.72222222222,-0.111111111111,1015.46286444,  ,  ,0.0,0.0,88.0,0.0,  ,  ,0.0,  ,  
2019-04-15 02:20:00,1.72222222222,-0.111111111111,1015.40641534,  ,  ,0.0,0.0,88.0,0.0,  ,  ,0.0,  ,  
2019-04-15 02:25:00,1.72222222222,-0.111111111111,1015.40641534,  ,  ,0.0,0.0,88.0,0.0,  ,  ,0.0,  ,  
2019-04-15 02:30:00,1.73148148148,0.0555555555556,1015.48153222,  ,  ,0.0,0.0,88.6666666667,0.0,  ,  ,0.0,  ,  
2019-04-15 02:35:00,1.77777777778,0.209150326797,1015.40468064,  ,  ,0.0,0.0,88.9411764706,0.0,  ,  ,0.0,  ,  
2019-04-15 02:40:00,1.73456790123,0.123456790123,1015.40623249,  ,  ,0.0,0.0,88.9444444444,0.0,  ,  ,0.0,  ,  
2019-04-15 02:45:00,1.70987654321,0.0987654320988,1015.33186895,  ,  ,0.0,0.0,89.0,0.0,  ,  ,0.0,  ,  
2019-04-15 02:50:00,1.61111111111,0.0,1015.25129663,  ,  ,0.0,0.0,89.0,0.0,  ,  ,0.0,  ,  
2019-04-15 02:55:00,1.72839506173,0.203703703704,1015.1432089,  ,  ,0.0,0.0,89.6111111111,0.0,  ,  ,0.0,  ,  
2019-04-15 03:00:00,1.77777777778,0.245098039216,1015.18565593,  ,  ,0.0,0.0,89.4117647059,0.0,  ,  ,0.0,  ,  
2019-04-15 03:05:00,1.68518518519,0.0987654320988,1015.1446223,  ,  ,0.0,0.0,89.1111111111,0.0,  ,  ,0.0,  ,  
2019-04-15 03:10:00,1.56790123457,0.0679012345679,1015.07381295,  ,  ,0.0,0.0,90.0,0.0,  ,  ,0.0,  ,  
2019-04-15 03:15:00,1.46732026144,-0.0326797385621,1014.99773577,  ,  ,0.0,0.0,90.0,0.0,  ,  ,0.0,  ,  
2019-04-15 03:20:00,1.69135802469,0.191358024691,1014.80595003,  ,  ,0.0,0.0,90.0,0.0,  ,  ,0.0,  ,  
2019-04-15 03:25:00,1.66666666667,0.166666666667,1014.86328528,  ,  ,0.0,0.0,90.0,0.0,  ,  ,0.0,  ,  
2019-04-15 03:30:00,1.52614379085,0.0522875816993,1014.7163582,  ,  ,0.0,0.0,90.1176470588,0.0,  ,  ,0.0,  ,  
2019-04-15 03:35:00,1.69135802469,0.200617283951,1014.71041052,  ,  ,0.0,0.0,90.0555555556,0.0,  ,  ,0.0,  ,  
2019-04-15 03:40:00,1.72222222222,0.222222222222,1014.57757633,  ,  ,0.0,0.0,90.0,0.0,  ,  ,0.0,  ,  
2019-04-15 03:45:00,1.7385620915,0.238562091503,1014.44970599,  ,  ,0.0,0.0,90.0,0.0,  ,  ,0.0,  ,  
2019-04-15 03:50:00,1.82716049383,0.327160493827,1014.34802545,  ,  ,0.0444556444444,1.0013696,90.0,0.0,  ,  ,0.0,  ,  
2019-04-15 03:55:00,1.88888888889,0.388888888889,1014.30818429,  ,  ,0.0,0.0,90.0,0.0,  ,  ,0.0,  ,  
2019-04-15 04:00:00,1.78431372549,0.297385620915,1014.38867354,  ,  ,0.0176186352941,0.5006848,90.0588235294,0.0,  ,  ,0.0,  ,  
2019-04-15 04:05:00,1.93827160494,0.586419753086,1014.32690089,  ,  ,0.1609344,1.0013696,90.7222222222,0.0,  ,  ,0.0,  ,  
2019-04-15 04:10:00,2.0987654321,0.598765432099,1014.4540594,  ,  ,0.0,0.0,90.0,0.0,  ,  ,0.0,  ,  
2019-04-15 04:15:00,1.90196078431,0.401960784314,1014.38682159,  ,  ,0.0,0.0,90.0,0.0,  ,  ,0.0,  ,  
2019-04-15 04:20:00,1.76543209877,0.265432098765,1014.3328848,  ,  ,0.0,0.0,90.0,0.0,  ,  ,0.0,  ,  
2019-04-15 04:25:00,1.69607843137,0.313725490196,1014.17285822,  ,  ,0.0,0.0,90.7058823529,0.0,  ,  ,0.0,  ,  
2019-04-15 04:30:00,1.70679012346,0.382716049383,1014.20354715,  ,  ,0.0774869333333,0.5006848,91.0,0.0,  ,  ,0.0,  ,  
2019-04-15 04:35:00,1.75308641975,0.450617283951,1014.25833773,  ,  ,0.0,0.0,91.0,0.0,  ,  ,0.0,  ,  
2019-04-15 04:40:00,1.66339869281,0.330065359477,1014.11434067,  ,  ,0.0,0.0,91.0,0.0,  ,  ,0.0,  ,  
2019-04-15 04:45:00,1.7037037037,0.37037037037,1014.23982828,  ,  ,0.0,0.0,91.0,0.0,  ,  ,0.0,  ,  
2019-04-15 04:50:00,1.75308641975,0.450617283951,1014.0498997,  ,  ,0.0499194666667,0.5006848,91.0,0.0,  ,  ,0.0,  ,  
2019-04-15 04:55:00,1.77777777778,0.5,1014.10989103,  ,  ,0.0,0.0,91.0,0.0,  ,  ,0.0,  ,  
2019-04-15 05:00:00,1.8024691358,0.524691358025,1014.1610281,  ,  ,0.0,0.0,91.0,0.0,  ,  ,0.0,  ,  
2019-04-15 05:05:00,1.93209876543,0.731481481481,1014.00757027,  ,  ,0.0,0.0,91.8888888889,0.0,  ,  ,0.0,  ,  
2019-04-15 05:10:00,2.07189542484,0.774509803922,1013.96035276,  ,  ,0.1698752,1.0013696,91.2941176471,0.0,  ,  ,0.0,  ,  
2019-04-15 05:15:00,2.17901234568,0.845679012346,1013.90442954,  ,  ,0.00546382222222,0.5006848,91.0,0.0,  ,  ,0.0,  ,  
2019-04-15 05:20:00,2.16049382716,0.827160493827,1013.88627346,  ,  ,0.0275674666667,0.5006848,91.0,0.0,  ,  ,0.0,  ,  
2019-04-15 05:25:00,2.11111111111,0.777777777778,1013.89910223,  ,  ,0.0,0.0,91.0,0.0,  ,  ,0.0,  ,  
2019-04-15 05:30:00,2.11111111111,0.777777777778,1013.7939533,  ,  ,0.0166398222222,0.5006848,91.0,0.0,  ,  ,0.0,  ,  
2019-04-15 05:35:00,2.11111111111,0.777777777778,1013.75632105,  ,  ,0.0275674666667,0.5006848,91.0,0.0,  ,  ,0.0,  ,  
2019-04-15 05:40:00,2.04575163399,0.745098039216,1013.84166511,  ,  ,0.0,0.0,91.0,0.0,  ,  ,0.0,  ,  
2019-04-15 05:45:00,1.90740740741,0.62962962963,1013.89723026,  ,  ,0.0,0.0,91.0,0.0,  ,  ,0.0,  ,  
2019-04-15 05:50:00,1.78104575163,0.493464052288,1013.75116399,  ,  ,0.0,0.0,91.0,0.0,  ,  ,0.0,  ,  
2019-04-15 05:55:00,1.6049382716,0.293209876543,1013.75416572,  ,  ,0.0,0.0,91.0555555556,0.0,  ,  ,0.0,  ,  
2019-04-15 06:00:00,1.5,0.259259259259,1013.70164686,  ,  ,0.0,0.0,91.6666666667,0.0,  ,  ,0.0,  ,  
2019-04-15 06:05:00,1.53921568627,0.316993464052,1013.70033166,  ,  ,0.0,0.0,92.0,0.0,  ,  ,0.0,  ,  
2019-04-15 06:10:00,1.8487654321,0.685185185185,1013.6960697,  ,  ,0.0722714666667,0.5006848,92.2222222222,0.0,  ,  ,0.0,  ,  
2019-04-15 06:15:00,2.18518518519,1.02469135802,1013.8104612,  ,  ,0.121942577778,1.0013696,92.1666666667,0.0,  ,  ,0.0,  ,  
2019-04-15 06:20:00,2.36928104575,1.19281045752,1013.75073727,  ,  ,0.117282258824,1.0013696,92.0,0.0,  ,  ,0.0,  ,  
2019-04-15 06:25:00,2.5,1.24382716049,1013.74115023,  ,  ,0.111014933333,1.0013696,91.3888888889,0.0,  ,  ,0.0,  ,  
2019-04-15 06:30:00,2.60185185185,1.29938271605,1013.5992972,  ,  ,0.200174577778,1.0013696,91.0555555556,0.0,  ,  ,0.0,  ,  
2019-04-15 06:35:00,2.93464052288,1.6045751634,1013.61080354,  ,  ,0.428895435294,1.9982688,90.7647058824,0.0,  ,  ,0.0,  ,  
2019-04-15 06:40:00,3.26851851852,1.73148148148,1013.58316042,  ,  ,0.833232888889,1.9982688,89.5555555556,0.0,  ,  ,0.0,  ,  
2019-04-15 06:45:00,3.49382716049,1.79012345679,1013.65016388,  ,  ,1.14417404444,3.0979872,88.5,0.0,  ,  ,0.0,  ,  
2019-04-15 06:50:00,3.66339869281,1.83006535948,1013.65354221,  ,  ,0.841224094118,2.6017728,88.0,0.0,  ,  ,0.0,  ,  
2019-04-15 06:55:00,3.72839506173,1.85802469136,1013.60542462,  ,  ,0.599530311111,2.6017728,87.7777777778,0.0,  ,  ,0.0,  ,  
2019-04-15 07:00:00,3.86274509804,1.86274509804,1013.45768969,  ,  ,0.993480658824,2.6017728,87.0,0.0,  ,  ,0.0,  ,  
2019-04-15 07:05:00,4.14197530864,2.04938271605,1013.43989601,  ,  ,1.13895857778,5.1007264,86.1666666667,0.0,  ,  ,0.0,  ,  
2019-04-15 07:10:00,4.25,2.06790123457,1013.1725094,  ,  ,1.5668752,3.0979872,85.5555555556,0.0,  ,  ,0.0,  ,  
2019-04-15 07:15:00,4.42810457516,2.01960784314,1013.23785398,  ,  ,1.42947614118,4.0993568,84.4117647059,0.0,  ,  ,0.0,  ,  
2019-04-15 07:20:00,4.74691358025,2.18209876543,1013.26729598,  ,  ,1.56116302222,3.598672,83.2222222222,0.0,  ,  ,0.0,  ,  
2019-04-15 07:25:00,5.1975308642,2.36111111111,1013.32865869,  ,  ,1.10543057778,2.6017728,81.8333333333,0.0,  ,  ,0.0,  ,  
2019-04-15 07:30:00,5.6862745098,2.43464052288,1013.25231869,  ,  ,1.17019294118,3.0979872,79.7058823529,0.0,  ,  ,0.0,  ,  
2019-04-15 07:35:00,5.88888888889,2.36111111111,1013.18949259,  ,  ,1.73302506667,4.0993568,77.8888888889,0.0,  ,  ,0.0,  ,  
2019-04-15 07:40:00,6.04320987654,2.18827160494,1013.12711527,  ,  ,2.05042346667,4.0993568,76.2222222222,0.0,  ,  ,0.0,  ,  
2019-04-15 07:45:00,6.25816993464,2.14052287582,1013.0516788,  ,  ,2.24729637647,4.6000416,74.8235294118,0.0,  ,  ,0.0,  ,  
2019-04-15 07:50:00,6.32716049383,1.97530864198,1013.05993544,  ,  ,2.26152568889,5.6014112,73.6666666667,0.0,  ,  ,0.0,  ,  
2019-04-15 07:55:00,6.42592592593,1.86419753086,1012.98092234,  ,  ,2.42246008889,5.1007264,72.7222222222,0.0,  ,  ,0.0,  ,  
2019-04-15 08:00:00,6.47385620915,1.76470588235,1012.98342556,  ,  ,2.72352545882,5.6014112,72.0,0.0,  ,  ,0.0,  ,  
2019-04-15 08:05:00,6.51851851852,1.69444444444,1012.90195142,  ,  ,2.26102897778,4.0993568,71.3333333333,0.0,  ,  ,0.0,  ,  
2019-04-15 08:10:00,6.6975308642,1.6512345679,1013.04592013,  ,  ,1.92202364444,4.0993568,70.3333333333,0.0,  ,  ,0.0,  ,  
2019-04-15 08:15:00,6.76470588235,1.53594771242,1012.8926981,  ,  ,2.81661496471,5.6014112,69.2941176471,0.0,  ,  ,0.0,  ,  
2019-04-15 08:20:00,6.82407407407,1.54320987654,1012.89276609,  ,  ,2.04446293333,4.6000416,69.0,0.0,  ,  ,0.0,  ,  
2019-04-15 08:25:00,7.01307189542,1.59150326797,1012.90380232,  ,  ,2.42374569412,5.1007264,68.3529411765,0.0,  ,  ,0.0,  ,  
2019-04-15 08:30:00,7.26851851852,1.5987654321,1012.89455041,  ,  ,2.02186257778,5.6014112,67.1111111111,0.0,  ,  ,0.0,  ,  
2019-04-15 08:35:00,7.51234567901,1.66049382716,1012.88582318,  ,  ,1.88352853333,3.598672,66.1666666667,0.0,  ,  ,0.0,  ,  
2019-04-15 08:40:00,7.7091503268,1.52941176471,1012.87861955,  ,  ,2.31698202353,4.0993568,65.0,0.0,  ,  ,0.0,  ,  
2019-04-15 08:45:00,7.83333333333,1.54320987654,1012.81770928,  ,  ,2.35515573333,4.6000416,64.4444444444,0.0,  ,  ,0.0,  ,  
2019-04-15 08:50:00,7.91358024691,1.29938271605,1012.81434491,  ,  ,2.6665936,7.0989952,62.9444444444,0.0,  ,  ,0.0,  ,  
2019-04-15 08:55:00,8.0,1.08496732026,1012.50862798,  ,  ,3.41696338824,6.5983104,61.5882352941,0.0,  ,  ,0.0,  ,  
2019-04-15 09:00:00,8.06481481481,0.993827160494,1012.51505574,  ,  ,2.28362933333,6.102096,61.0,0.0,  ,  ,0.0,  ,  
2019-04-15 09:05:00,7.92592592593,0.91975308642,1012.59065303,  ,  ,3.59991377778,7.0989952,61.1111111111,0.0,  ,  ,0.0,  ,  
2019-04-15 09:10:00,7.79411764706,0.71568627451,1012.51531942,  ,  ,2.48843501176,6.5983104,60.7647058824,0.0,  ,  ,0.0,  ,  
2019-04-15 09:15:00,8.08024691358,0.895061728395,1012.50549909,  ,  ,2.80045724444,7.6980288,60.6666666667,0.0,  ,  ,0.0,  ,  
2019-04-15 09:20:00,8.16049382716,0.716049382716,1012.50219246,  ,  ,3.04508746667,6.102096,59.3333333333,0.0,  ,  ,0.0,  ,  
2019-04-15 09:25:00,8.21568627451,0.52614379085,1012.49988837,  ,  ,3.22946955294,6.5983104,58.3529411765,0.0,  ,  ,0.0,  ,  
2019-04-15 09:30:00,8.63580246914,0.716049382716,1012.60694168,  ,  ,2.5615392,5.1007264,57.4444444444,0.0,  ,  ,0.0,  ,  
2019-04-15 09:35:00,8.90740740741,0.820987654321,1012.47681316,  ,  ,3.13946257778,7.0989952,56.7222222222,0.0,  ,  ,0.0,  ,  
2019-04-15 09:40:00,8.9477124183,0.888888888889,1012.41462643,  ,  ,3.62339068235,7.0989952,57.0,0.0,  ,  ,0.0,  ,  
2019-04-15 09:45:00,9.01851851852,0.740740740741,1012.39630585,  ,  ,2.70583377778,6.5983104,56.0555555556,0.0,  ,  ,0.0,  ,  
2019-04-15 09:50:00,9.25163398693,0.676470588235,1012.14454872,  ,  ,3.84664771765,7.6980288,55.0,0.0,  ,  ,0.0,  ,  
2019-04-15 09:55:00,9.23456790123,0.635802469136,1012.01344015,  ,  ,3.2611568,6.5983104,55.0,0.0,  ,  ,0.0,  ,  
2019-04-15 10:00:00,9.43827160494,0.697530864198,1012.13787329,  ,  ,2.65516924444,6.102096,54.2222222222,0.0,  ,  ,0.0,  ,  
2019-04-15 10:05:00,9.65032679739,0.607843137255,1012.01073116,  ,  ,3.32387388235,8.1987136,53.2352941176,0.0,  ,  ,0.0,  ,  
2019-04-15 10:10:00,9.62345679012,0.41049382716,1011.99919916,  ,  ,3.28326044444,6.5983104,52.6666666667,0.0,  ,  ,0.0,  ,  
2019-04-15 10:15:00,9.82716049383,1.14814814815,1011.86158697,  ,  ,3.40023591111,6.5983104,54.6666666667,0.0,  ,  ,0.0,  ,  
2019-04-15 10:20:00,9.94117647059,0.97385620915,1011.78201465,  ,  ,4.41728112941,8.6993984,53.6470588235,0.0,  ,  ,0.0,  ,  
2019-04-15 10:25:00,10.1450617284,1.1049382716,1011.69978666,  ,  ,2.56650631111,8.1987136,53.3888888889,0.0,  ,  ,0.0,  ,  
2019-04-15 10:30:00,10.4197530864,1.21913580247,1011.70913647,  ,  ,3.36074737778,7.6980288,52.8888888889,0.0,  ,  ,0.0,  ,  
2019-04-15 10:35:00,10.454248366,1.19607843137,1011.58506162,  ,  ,3.57027181176,7.0989952,52.7058823529,0.0,  ,  ,0.0,  ,  
2019-04-15 10:40:00,10.4135802469,1.09259259259,1011.53976427,  ,  ,3.22812551111,7.6980288,52.3333333333,0.0,  ,  ,0.0,  ,  
2019-04-15 10:45:00,10.5987654321,1.20061728395,1011.28892673,  ,  ,3.68857671111,7.6980288,52.1666666667,0.0,  ,  ,0.0,  ,  
2019-04-15 10:50:00,10.8071895425,1.54575163399,1011.36118307,  ,  ,2.45898296471,6.102096,52.7058823529,0.0,  ,  ,0.0,  ,  
2019-04-15 10:55:00,11.0061728395,1.48765432099,1011.12472202,  ,  ,4.06160675556,9.700768,51.9444444444,0.0,  ,  ,0.0,  ,  
2019-04-15 11:00:00,10.8888888889,1.2908496732,1010.93250029,  ,  ,3.92974456471,8.1987136,51.4117647059,0.0,  ,  ,0.0,  ,  
2019-04-15 11:05:00,10.8950617284,1.18827160494,1010.95858482,  ,  ,3.56663413333,7.6980288,50.8888888889,0.0,  ,  ,0.0,  ,  
2019-04-15 11:10:00,11.2932098765,1.38271604938,1010.79677746,  ,  ,3.01205617778,6.102096,50.3888888889,0.0,  ,  ,0.0,  ,  
2019-04-15 11:15:00,11.5,1.40196078431,1010.81161466,  ,  ,3.41801524706,7.6980288,49.6470588235,0.0,  ,  ,0.0,  ,  
2019-04-15 11:20:00,11.3456790123,1.25308641975,1010.85439969,  ,  ,3.49411431111,7.6980288,49.6666666667,0.0,  ,  ,0.0,  ,  
2019-04-15 11:25:00,11.5462962963,1.33024691358,1010.65389254,  ,  ,2.98349528889,6.5983104,49.2777777778,0.0,  ,  ,0.0,  ,  
2019-04-15 11:30:00,11.6176470588,1.24183006536,1010.70768316,  ,  ,3.74146183529,8.1987136,48.7647058824,0.0,  ,  ,0.0,  ,  
2019-04-15 11:35:00,11.6111111111,1.10802469136,1010.59483395,  ,  ,3.75563271111,7.6980288,48.3888888889,0.0,  ,  ,0.0,  ,  
2019-04-15 11:40:00,11.7191358025,1.13888888889,1010.62868968,  ,  ,3.71688924444,7.0989952,48.0555555556,0.0,  ,  ,0.0,  ,  
2019-04-15 11:45:00,11.7483660131,1.2385620915,1010.3644976,  ,  ,3.23525477647,6.5983104,48.2941176471,0.0,  ,  ,0.0,  ,  
2019-04-15 11:50:00,11.787037037,1.2962962963,1010.36326632,  ,  ,3.0778704,6.102096,48.3888888889,0.0,  ,  ,0.0,  ,  
2019-04-15 11:55:00,11.9074074074,1.25,1010.24617309,  ,  ,3.70024942222,7.6980288,47.9444444444,0.0,  ,  ,0.0,  ,  
2019-04-15 12:00:00,11.9673202614,1.30718954248,1010.07006221,  ,  ,3.5942016,7.6980288,48.0588235294,0.0,  ,  ,0.0,  ,  
2019-04-15 12:05:00,12.2037037037,1.39197530864,1010.01049521,  ,  ,3.29493315556,6.102096,47.6666666667,0.0,  ,  ,0.0,  ,  
2019-04-15 12:10:00,12.2561728395,1.37345679012,1009.9134208,  ,  ,3.33342826667,8.1987136,47.3888888889,0.0,  ,  ,0.0,  ,  
2019-04-15 12:15:00,12.3039215686,1.47058823529,1009.927415,  ,  ,3.64732047059,8.1987136,47.5294117647,0.0,  ,  ,0.0,  ,  
2019-04-15 12:20:00,12.3827160494,1.41358024691,1009.79619973,  ,  ,3.53285777778,8.6993984,47.0555555556,0.0,  ,  ,0.0,  ,  
2019-04-15 12:25:00,12.2647058824,1.67647058824,1009.73003666,  ,  ,3.47691934118,6.102096,48.4117647059,0.0,  ,  ,0.0,  ,  
2019-04-15 12:30:00,12.6666666667,1.4537037037,1009.64922037,  ,  ,2.91643928889,6.5983104,46.2777777778,0.0,  ,  ,0.0,  ,  
2019-04-15 12:35:00,12.5987654321,1.6049382716,1009.6563303,  ,  ,2.56749973333,6.5983104,47.0555555556,0.0,  ,  ,0.0,  ,  
2019-04-15 12:40:00,12.7156862745,1.82026143791,1009.63493654,  ,  ,2.56469477647,5.6014112,47.3529411765,0.0,  ,  ,0.0,  ,  
2019-04-15 12:45:00,12.8086419753,1.86111111111,1009.53885242,  ,  ,3.46654684444,6.102096,47.1666666667,0.0,  ,  ,0.0,  ,  
2019-04-15 12:50:00,12.5740740741,2.04012345679,1009.36919974,  ,  ,3.32175555556,6.102096,48.5555555556,0.0,  ,  ,0.0,  ,  
2019-04-15 12:55:00,12.8300653595,2.1339869281,1009.25315927,  ,  ,3.11770955294,7.0989952,48.0,0.0,  ,  ,0.0,  ,  
2019-04-15 13:00:00,12.8086419753,2.29012345679,1009.1059094,  ,  ,2.7448256,6.5983104,48.5555555556,0.0,  ,  ,0.0,  ,  
2019-04-15 13:05:00,12.8209876543,2.01234567901,1009.08614662,  ,  ,2.85534382222,7.0989952,47.6111111111,0.0,  ,  ,0.0,  ,  
2019-04-15 13:10:00,12.8954248366,2.22222222222,1009.01205121,  ,  ,2.76481091765,6.102096,48.0588235294,0.0,  ,  ,0.0,  ,  
2019-04-15 13:15:00,12.9135802469,2.19444444444,1008.9715633,  ,  ,2.55011484444,5.1007264,47.9444444444,0.0,  ,  ,0.0,  ,  
2019-04-15 13:20:00,13.212962963,2.23148148148,1008.96138398,  ,  ,2.65516924444,6.5983104,47.2777777778,0.0,  ,  ,0.0,  ,  
2019-04-15 13:25:00,13.0261437908,2.2385620915,1008.90799014,  ,  ,2.82318908235,5.1007264,47.7058823529,0.0,  ,  ,0.0,  ,  
2019-04-15 13:30:00,13.0432098765,2.34259259259,1008.74166809,  ,  ,3.06719111111,6.5983104,48.0555555556,0.0,  ,  ,0.0,  ,  
2019-04-15 13:35:00,13.1790123457,2.32716049383,1008.81230953,  ,  ,2.76643253333,7.0989952,47.7777777778,0.0,  ,  ,0.0,  ,  
2019-04-15 13:40:00,13.1568627451,2.33333333333,1008.62492634,  ,  ,2.75271454118,5.1007264,47.7647058824,0.0,  ,  ,0.0,  ,  
2019-04-15 13:45:00,13.4382716049,2.61419753086,1008.69106756,  ,  ,2.3111968,5.1007264,47.8888888889,0.0,  ,  ,0.0,  ,  
2019-04-15 13:50:00,13.2058823529,2.2091503268,1008.42391926,  ,  ,3.41775228235,7.6980288,47.3529411765,0.0,  ,  ,0.0,  ,  
2019-04-15 13:55:00,12.9567901235,2.06790123457,1008.55597089,  ,  ,2.77239306667,5.6014112,47.3333333333,0.0,  ,  ,0.0,  ,  
2019-04-15 14:00:00,13.1234567901,2.45061728395,1008.30759996,  ,  ,2.81709706667,5.6014112,48.3333333333,0.0,  ,  ,0.0,  ,  
2019-04-15 14:05:00,13.3006535948,2.6045751634,1008.30183417,  ,  ,2.28174475294,7.0989952,48.3529411765,0.0,  ,  ,0.0,  ,  
2019-04-15 14:10:00,13.475308642,2.46604938272,1008.29989778,  ,  ,3.10568622222,5.6014112,47.2777777778,0.0,  ,  ,0.0,  ,  
2019-04-15 14:15:00,13.2777777778,2.36111111111,1008.22683403,  ,  ,3.36596284444,7.0989952,47.5,0.0,  ,  ,0.0,  ,  
2019-04-15 14:20:00,13.2549019608,2.35620915033,1008.16349062,  ,  ,2.70038456471,6.102096,47.6470588235,0.0,  ,  ,0.0,  ,  
2019-04-15 14:25:00,13.1666666667,2.20987654321,1007.96701645,  ,  ,3.1158688,6.5983104,47.3333333333,0.0,  ,  ,0.0,  ,  
2019-04-15 14:30:00,13.2191358025,2.42901234568,1008.022098,  ,  ,2.3782528,4.6000416,47.9444444444,0.0,  ,  ,0.0,  ,  
2019-04-15 14:35:00,13.3300653595,2.5522875817,1007.96208467,  ,  ,2.52945750588,5.6014112,48.0,0.0,  ,  ,0.0,  ,  
2019-04-15 14:40:00,13.3827160494,2.4537037037,1007.88486492,  ,  ,3.0778704,5.6014112,47.5555555556,0.0,  ,  ,0.0,  ,  
2019-04-15 14:45:00,13.3827160494,2.29012345679,1007.95977452,  ,  ,3.00559893333,7.6980288,47.0,0.0,  ,  ,0.0,  ,  
2019-04-15 14:50:00,13.2124183007,2.56209150327,1007.62764459,  ,  ,3.14058748235,6.102096,48.5294117647,0.0,  ,  ,0.0,  ,  
2019-04-15 14:55:00,13.012345679,2.62037037037,1007.63460075,  ,  ,3.17770933333,5.6014112,49.2777777778,0.0,  ,  ,0.0,  ,  
2019-04-15 15:00:00,13.3006535948,2.40196078431,1007.62421557,  ,  ,2.65857317647,6.102096,47.5882352941,0.0,  ,  ,0.0,  ,  
2019-04-15 15:05:00,13.4012345679,2.69444444444,1007.58373076,  ,  ,3.35602862222,7.0989952,48.2777777778,0.0,  ,  ,0.0,  ,  
2019-04-15 15:10:00,13.2561728395,2.48148148148,1007.49423668,  ,  ,3.87757528889,8.6993984,48.0,0.0,  ,  ,0.0,  ,  
2019-04-15 15:15:00,13.1111111111,2.30392156863,1007.29187804,  ,  ,3.04092385882,7.0989952,47.7058823529,0.0,  ,  ,0.0,  ,  
2019-04-15 15:20:00,13.1790123457,2.48148148148,1007.29000089,  ,  ,2.57246684444,5.6014112,48.2777777778,0.0,  ,  ,0.0,  ,  
2019-04-15 15:25:00,13.1604938272,2.70061728395,1007.29106148,  ,  ,3.34435591111,7.0989952,49.0555555556,0.0,  ,  ,0.0,  ,  
2019-04-15 15:30:00,12.908496732,2.65032679739,1007.29958064,  ,  ,3.09982795294,6.5983104,49.5882352941,0.0,  ,  ,0.0,  ,  
2019-04-15 15:35:00,13.2037037037,2.50308641975,1007.2328288,  ,  ,2.3670768,5.6014112,48.3888888889,0.0,  ,  ,0.0,  ,  
2019-04-15 15:40:00,13.0679012346,2.68518518519,1007.08729248,  ,  ,3.03341475556,6.5983104,49.2777777778,0.0,  ,  ,0.0,  ,  
2019-04-15 15:45:00,13.0,2.68954248366,1006.95790936,  ,  ,3.21737317647,7.0989952,49.4117647059,0.0,  ,  ,0.0,  ,  
2019-04-15 15:50:00,13.0432098765,2.58333333333,1007.01262821,  ,  ,2.56650631111,5.6014112,48.8888888889,0.0,  ,  ,0.0,  ,  
2019-04-15 15:55:00,12.987654321,2.60185185185,1006.95813703,  ,  ,2.57296355556,5.6014112,49.1111111111,0.0,  ,  ,0.0,  ,  
2019-04-15 16:00:00,12.8725490196,2.57189542484,1006.82264685,  ,  ,3.28837364706,6.102096,49.4117647059,0.0,  ,  ,0.0,  ,  
2019-04-15 16:05:00,12.8302469136,2.34567901235,1006.88780633,  ,  ,2.4274272,4.6000416,48.7222222222,0.0,  ,  ,0.0,  ,  
2019-04-15 16:10:00,13.0555555556,2.57716049383,1006.89936373,  ,  ,2.29977244444,6.5983104,48.8888888889,0.0,  ,  ,0.0,  ,  
2019-04-15 16:15:00,12.8888888889,2.30392156863,1006.76171796,  ,  ,2.69381044706,5.1007264,48.2941176471,0.0,  ,  ,0.0,  ,  
2019-04-15 16:20:00,12.8888888889,2.4475308642,1006.88595666,  ,  ,2.58960337778,6.102096,48.8333333333,0.0,  ,  ,0.0,  ,  
2019-04-15 16:25:00,12.9215686275,2.57843137255,1006.86077975,  ,  ,2.91128225882,6.102096,49.2352941176,0.0,  ,  ,0.0,  ,  
2019-04-15 16:30:00,12.712962963,2.25,1006.62838873,  ,  ,2.77785688889,5.6014112,48.8888888889,0.0,  ,  ,0.0,  ,  
2019-04-15 16:35:00,12.462962963,2.02160493827,1006.71519586,  ,  ,2.87794417778,5.6014112,48.8333333333,0.0,  ,  ,0.0,  ,  
2019-04-15 16:40:00,12.3888888889,2.26470588235,1006.83884664,  ,  ,2.83528545882,6.102096,49.8823529412,0.0,  ,  ,0.0,  ,  
2019-04-15 16:45:00,12.2654320988,2.1975308642,1006.69917721,  ,  ,2.36111626667,5.1007264,50.1111111111,0.0,  ,  ,0.0,  ,  
2019-04-15 16:50:00,12.2222222222,2.21913580247,1006.62550684,  ,  ,2.58364284444,5.6014112,50.3888888889,0.0,  ,  ,0.0,  ,  
2019-04-15 16:55:00,12.137254902,2.25816993464,1006.62853481,  ,  ,2.78216658824,6.5983104,50.8235294118,0.0,  ,  ,0.0,  ,  
2019-04-15 17:00:00,12.2037037037,1.9537037037,1006.62568338,  ,  ,2.4944832,5.1007264,49.6111111111,0.0,  ,  ,0.0,  ,  
2019-04-15 17:05:00,12.1172839506,2.08024691358,1006.62888954,  ,  ,2.89532906667,5.6014112,50.2777777778,0.0,  ,  ,0.0,  ,  
2019-04-15 17:10:00,12.0588235294,2.48692810458,1006.49220596,  ,  ,2.46476818824,4.6000416,51.7647058824,0.0,  ,  ,0.0,  ,  
2019-04-15 17:15:00,12.0679012346,2.34259259259,1006.40634256,  ,  ,2.40606862222,7.0989952,51.3333333333,0.0,  ,  ,0.0,  ,  
2019-04-15 17:20:00,11.9259259259,2.16666666667,1006.41430323,  ,  ,2.32212444444,6.102096,51.1111111111,0.0,  ,  ,0.0,  ,  
2019-04-15 17:25:00,11.8888888889,2.37254901961,1006.43812955,  ,  ,2.25360752941,5.6014112,51.9411764706,0.0,  ,  ,0.0,  ,  
2019-04-15 17:30:00,11.8456790123,2.00925925926,1006.29952961,  ,  ,2.58289777778,5.1007264,50.8333333333,0.0,  ,  ,0.0,  ,  
2019-04-15 17:35:00,11.7450980392,2.07189542484,1006.30315178,  ,  ,3.01173477647,6.5983104,51.4117647059,0.0,  ,  ,0.0,  ,  
2019-04-15 17:40:00,11.7222222222,1.96296296296,1006.36023611,  ,  ,2.59432213333,5.6014112,51.2222222222,0.0,  ,  ,0.0,  ,  
2019-04-15 17:45:00,11.7222222222,2.11111111111,1006.39809606,  ,  ,2.95567946667,5.1007264,51.6666666667,0.0,  ,  ,0.0,  ,  
2019-04-15 17:50:00,11.6241830065,2.62418300654,1006.30848113,  ,  ,2.39481957647,5.6014112,53.9411764706,0.0,  ,  ,0.0,  ,  
2019-04-15 17:55:00,11.3827160494,2.99074074074,1006.30331116,  ,  ,2.37750773333,4.6000416,56.2777777778,0.0,  ,  ,0.0,  ,  
2019-04-15 18:00:00,11.225308642,3.01234567901,1006.22810578,  ,  ,2.21657333333,4.0993568,57.0,0.0,  ,  ,0.0,  ,  
2019-04-15 18:05:00,11.1111111111,3.1045751634,1006.30744322,  ,  ,1.94094249412,4.6000416,57.6470588235,0.0,  ,  ,0.0,  ,  
2019-04-15 18:10:00,11.0061728395,2.80555555556,1006.25416399,  ,  ,1.70620266667,5.1007264,57.0555555556,0.0,  ,  ,0.0,  ,  
2019-04-15 18:15:00,10.8333333333,2.91049382716,1006.10980314,  ,  ,1.68881777778,4.0993568,57.8888888889,0.0,  ,  ,0.0,  ,  
2019-04-15 18:20:00,10.6928104575,2.78104575163,1006.32145365,  ,  ,1.79420818824,4.0993568,58.0588235294,0.0,  ,  ,0.0,  ,  
2019-04-15 18:25:00,10.6111111111,2.73148148148,1006.19253109,  ,  ,1.832864,4.6000416,58.1666666667,0.0,  ,  ,0.0,  ,  
2019-04-15 18:30:00,10.4691358025,2.77777777778,1006.10361516,  ,  ,2.05539057778,4.6000416,59.0555555556,0.0,  ,  ,0.0,  ,  
2019-04-15 18:35:00,10.362745098,2.95424836601,1006.00989001,  ,  ,2.16446249412,5.6014112,59.9411764706,0.0,  ,  ,0.0,  ,  
2019-04-15 18:40:00,10.2438271605,3.03086419753,1006.07438051,  ,  ,1.82789688889,5.1007264,60.9444444444,0.0,  ,  ,0.0,  ,  
2019-04-15 18:45:00,10.1049382716,2.88271604938,1006.02362146,  ,  ,1.90538382222,4.6000416,61.0,0.0,  ,  ,0.0,  ,  
2019-04-15 18:50:00,9.96732026144,2.82679738562,1006.02830172,  ,  ,1.97065750588,4.6000416,61.2352941176,0.0,  ,  ,0.0,  ,  
2019-04-15 18:55:00,9.77469135802,3.01851851852,1006.09181744,  ,  ,1.21098168889,3.0979872,62.6666666667,0.0,  ,  ,0.0,  ,  
2019-04-15 19:00:00,9.63071895425,3.11764705882,1006.25987244,  ,  ,1.42342795294,3.0979872,63.9411764706,0.0,  ,  ,0.0,  ,  
2019-04-15 19:05:00,9.45679012346,3.1975308642,1006.15981448,  ,  ,1.47771555556,4.0993568,64.7777777778,0.0,  ,  ,0.0,  ,  
2019-04-15 19:10:00,9.31481481481,3.18518518519,1006.16474842,  ,  ,1.51695573333,3.598672,65.2222222222,0.0,  ,  ,0.0,  ,  
2019-04-15 19:15:00,9.18300653595,3.18300653595,1006.25581407,  ,  ,1.6942816,3.598672,66.0,0.0,  ,  ,0.0,  ,  
2019-04-15 19:20:00,9.07407407407,2.9012345679,1006.34209832,  ,  ,2.11648604444,3.598672,65.2222222222,0.0,  ,  ,0.0,  ,  
2019-04-15 19:25:00,8.91358024691,2.87037037037,1006.4041533,  ,  ,1.85571271111,5.1007264,65.7777777778,0.0,  ,  ,0.0,  ,  
2019-04-15 19:30:00,8.75490196078,2.74509803922,1006.40954128,  ,  ,1.61223661176,3.598672,65.9411764706,0.0,  ,  ,0.0,  ,  
2019-04-15 19:35:00,8.56790123457,2.6049382716,1006.41811415,  ,  ,1.52266791111,3.0979872,66.1666666667,0.0,  ,  ,0.0,  ,  
2019-04-15 19:40:00,8.42592592593,2.64814814815,1006.49727552,  ,  ,1.37812497778,3.598672,67.0,0.0,  ,  ,0.0,  ,  
2019-04-15 19:45:00,8.31045751634,2.58169934641,1006.5842365,  ,  ,1.12943341176,3.0979872,67.1764705882,0.0,  ,  ,0.0,  ,  
2019-04-15 19:50:00,8.18827160494,2.68827160494,1006.56214037,  ,  ,1.15013457778,2.6017728,68.0,0.0,  ,  ,0.0,  ,  
2019-04-15 19:55:00,8.03703703704,2.66049382716,1006.51665032,  ,  ,1.32199662222,3.598672,68.5555555556,0.0,  ,  ,0.0,  ,  
2019-04-15 20:00:00,7.84967320261,2.65032679739,1006.58076611,  ,  ,1.06500705882,2.6017728,69.3529411765,0.0,  ,  ,0.0,  ,  
2019-04-15 20:05:00,7.62962962963,2.58024691358,1006.53991753,  ,  ,0.789273955556,1.9982688,70.2777777778,0.0,  ,  ,0.0,  ,  
2019-04-15 20:10:00,7.37654320988,2.44135802469,1006.5332975,  ,  ,0.8002016,1.9982688,70.7777777778,0.0,  ,  ,0.0,  ,  
2019-04-15 20:15:00,7.23529411765,2.30392156863,1006.52268438,  ,  ,0.635059764706,1.9982688,71.0,0.0,  ,  ,0.0,  ,  
2019-04-15 20:20:00,7.22222222222,2.38888888889,1006.61407535,  ,  ,0.883400711111,1.9982688,71.5,0.0,  ,  ,0.0,  ,  
2019-04-15 20:25:00,7.22222222222,2.5,1006.62312709,  ,  ,1.42947614118,3.0979872,72.0,0.0,  ,  ,0.0,  ,  
2019-04-15 20:30:00,7.22222222222,2.66049382716,1006.7472372,  ,  ,1.12256711111,3.0979872,72.7222222222,0.0,  ,  ,0.0,  ,  
2019-04-15 20:35:00,7.22222222222,2.72222222222,1006.63446174,  ,  ,1.19459022222,3.0979872,73.0,0.0,  ,  ,0.0,  ,  
2019-04-15 20:40:00,7.22222222222,2.72222222222,1006.48394821,  ,  ,0.793890447059,3.0979872,73.0,0.0,  ,  ,0.0,  ,  
2019-04-15 20:45:00,7.25925925926,2.75925925926,1006.6708343,  ,  ,1.16131057778,3.0979872,73.0,0.0,  ,  ,0.0,  ,  
2019-04-15 20:50:00,7.31481481481,2.88888888889,1006.76315539,  ,  ,0.961136,1.9982688,73.3333333333,0.0,  ,  ,0.0,  ,  
2019-04-15 20:55:00,7.38888888889,3.09803921569,1006.53844012,  ,  ,1.21726362353,3.0979872,73.9411764706,0.0,  ,  ,0.0,  ,  
2019-04-15 21:00:00,7.46296296296,3.06172839506,1006.55123047,  ,  ,0.938535644444,3.598672,73.4444444444,0.0,  ,  ,0.0,  ,  
2019-04-15 21:05:00,7.5,3.06172839506,1006.62606461,  ,  ,1.11660657778,3.0979872,73.2777777778,0.0,  ,  ,0.0,  ,  
2019-04-15 21:10:00,7.5,3.11764705882,1006.47475656,  ,  ,0.882246588235,2.6017728,73.5294117647,0.0,  ,  ,0.0,  ,  
2019-04-15 21:15:00,7.5,3.07407407407,1006.4746777,  ,  ,0.966599822222,3.0979872,73.3333333333,0.0,  ,  ,0.0,  ,  
2019-04-15 21:20:00,7.53703703704,3.03703703704,1006.4930007,  ,  ,0.938784,2.6017728,73.0,0.0,  ,  ,0.0,  ,  
2019-04-15 21:25:00,7.61111111111,3.11111111111,1006.49049794,  ,  ,1.10576658824,3.0979872,73.0,0.0,  ,  ,0.0,  ,  
2019-04-15 21:30:00,7.58024691358,3.08024691358,1006.49154059,  ,  ,0.855584888889,2.6017728,73.0,0.0,  ,  ,0.0,  ,  
2019-04-15 21:35:00,7.5,3.0,1006.49425261,  ,  ,0.841224094118,1.9982688,73.0,0.0,  ,  ,0.0,  ,  
2019-04-15 21:40:00,7.46296296296,2.96296296296,1006.49550536,  ,  ,0.499691377778,1.5020544,73.0,0.0,  ,  ,0.0,  ,  
2019-04-15 21:45:00,7.38888888889,2.88888888889,1006.49801191,  ,  ,0.4716272,1.9982688,73.0,0.0,  ,  ,0.0,  ,  
2019-04-15 21:50:00,7.27777777778,2.93464052288,1006.50205443,  ,  ,0.464658635294,1.9982688,73.7058823529,0.0,  ,  ,0.0,  ,  
2019-04-15 21:55:00,7.26543209877,2.83641975309,1006.46551451,  ,  ,0.633306666667,1.9982688,73.3333333333,0.0,  ,  ,0.0,  ,  
2019-04-15 22:00:00,7.27777777778,2.87654320988,1006.52158435,  ,  ,0.716754133333,2.6017728,73.4444444444,0.0,  ,  ,0.0,  ,  
2019-04-15 22:05:00,7.27777777778,3.0,1006.38235115,  ,  ,0.658726588235,1.9982688,74.0,0.0,  ,  ,0.0,  ,  
2019-04-15 22:10:00,7.27777777778,3.0,1006.44654315,  ,  ,0.866512533333,2.6017728,74.0,0.0,  ,  ,0.0,  ,  
2019-04-15 22:15:00,7.27777777778,3.0,1006.31483886,  ,  ,0.6884416,1.5020544,74.0,0.0,  ,  ,0.0,  ,  
2019-04-15 22:20:00,7.27777777778,3.0,1006.44211612,  ,  ,0.487536564706,2.6017728,74.0,0.0,  ,  ,0.0,  ,  
2019-04-15 22:25:00,7.27777777778,3.0,1006.46535805,  ,  ,0.699369244444,1.9982688,74.0,0.0,  ,  ,0.0,  ,  
2019-04-15 22:30:00,7.27777777778,3.01234567901,1006.44656499,  ,  ,0.343972444444,1.5020544,74.0555555556,0.0,  ,  ,0.0,  ,  
2019-04-15 22:35:00,7.27777777778,3.0522875817,1006.48168433,  ,  ,0.411539764706,1.9982688,74.2352941176,0.0,  ,  ,0.0,  ,  
2019-04-15 22:40:00,7.27777777778,3.07407407407,1006.48504308,  ,  ,0.521546666667,1.9982688,74.3333333333,0.0,  ,  ,0.0,  ,  
2019-04-15 22:45:00,7.27777777778,3.01234567901,1006.46611905,  ,  ,0.438595911111,1.5020544,74.0555555556,0.0,  ,  ,0.0,  ,  
2019-04-15 22:50:00,7.27777777778,3.1045751634,1006.54154261,  ,  ,0.340276329412,1.5020544,74.4705882353,0.0,  ,  ,0.0,  ,  
2019-04-15 22:55:00,7.22222222222,3.08641975309,1006.54358825,  ,  ,0.315908266667,1.9982688,74.8888888889,0.0,  ,  ,0.0,  ,  
2019-04-15 23:00:00,7.13071895425,3.01960784314,1006.54673348,  ,  ,0.363943152941,1.9982688,75.0,0.0,  ,  ,0.0,  ,  
2019-04-15 23:05:00,7.11111111111,3.0,1006.54739845,  ,  ,0.571714488889,1.9982688,75.0,0.0,  ,  ,0.0,  ,  
2019-04-15 23:10:00,7.11111111111,3.0,1006.54739845,  ,  ,0.566002311111,2.6017728,75.0,0.0,  ,  ,0.0,  ,  
2019-04-15 23:15:00,7.11111111111,3.0,1006.4079433,  ,  ,0.952984094118,3.0979872,75.0,0.0,  ,  ,0.0,  ,  
2019-04-15 23:20:00,7.11111111111,3.08641975309,1006.56702772,  ,  ,0.772385777778,1.9982688,75.3888888889,0.0,  ,  ,0.0,  ,  
2019-04-15 23:25:00,7.11111111111,3.22222222222,1006.41607787,  ,  ,0.466163377778,1.9982688,76.0,0.0,  ,  ,0.0,  ,  
2019-04-15 23:30:00,7.01307189542,3.14379084967,1006.4909438,  ,  ,0.311613176471,1.5020544,76.1176470588,0.0,  ,  ,0.0,  ,  
2019-04-15 23:35:00,7.0,3.18518518519,1006.36422895,  ,  ,0.460699555556,3.0979872,76.4444444444,0.0,  ,  ,0.0,  ,  
2019-04-15 23:40:00,6.8950617284,3.22530864198,1006.3496104,  ,  ,0.199677866667,1.9982688,77.0,0.0,  ,  ,0.0,  ,  
2019-04-15 23:45:00,6.82352941176,3.1568627451,1006.41847232,  ,  ,0.0880931764706,0.5006848,77.0,0.0,  ,  ,0.0,  ,  
2019-04-15 23:50:00,6.76543209877,3.12962962963,1006.2401849,  ,  ,0.116478755556,1.0013696,77.3888888889,0.0,  ,  ,0.0,  ,  
  
